device_port,ledger_id,ledger_name,account_name,type,currency,initial_balance,hidden,credit_limit,billing_day,payment_due_day,bank_name,note
16384,13,日常消费账本,日常现金,cash,CNY,2000.0,0,,,,,随手零钱
16384,13,日常消费账本,招行储蓄卡,bank_card,CNY,50000.0,0,,,,招商银行,
16384,13,日常消费账本,主力支付宝,alipay,CNY,8500.0,0,,,,,
16384,13,日常消费账本,主力微信钱包,wechat,CNY,3200.0,0,,,,,
16384,13,日常消费账本,招行信用卡,credit_card,CNY,-12000.0,0,50000.0,5,23,招商银行,
16384,13,日常消费账本,美团钱包,other,CNY,600.0,1,,,,,已归档
16384,13,日常消费账本,数字人民币,other,CNY,1500.0,0,,,,,
16384,13,日常消费账本,证券保证金,investment,CNY,30000.0,0,,,,,
16384,13,日常消费账本,公积金账户,social_fund,CNY,45000.0,0,,,,,
16384,13,日常消费账本,消费贷,loan,CNY,-80000.0,1,,,,,已归档负债
16384,14,海外旅行账本,美元现金,cash,USD,500.0,0,,,,,
16384,14,海外旅行账本,美元银行卡,bank_card,USD,3000.0,0,,,,Bank of America,
16384,14,海外旅行账本,日元现金,cash,JPY,30000.0,0,,,,,
16384,14,海外旅行账本,欧元银行卡,bank_card,EUR,1500.0,0,,,,Deutsche Bank,
16384,14,海外旅行账本,港币现金,cash,HKD,2000.0,0,,,,,
16384,14,海外旅行账本,双币信用卡(美元),credit_card,USD,-800.0,0,10000.0,10,28,Visa,
16384,14,海外旅行账本,支付宝(国际),alipay,CNY,2000.0,0,,,,,
16384,14,海外旅行账本,境外微信钱包,wechat,CNY,1000.0,0,,,,,
16384,14,海外旅行账本,旅行备用金,other,EUR,800.0,1,,,,,已归档
16384,14,海外旅行账本,外币理财,investment,USD,5000.0,0,,,,,
16384,15,资产配置账本,配置现金,cash,CNY,10000.0,0,,,,,
16384,15,资产配置账本,活期存款,bank_card,CNY,120000.0,0,,,,工商银行,
16384,15,资产配置账本,自住房产,real_estate,CNY,3500000.0,0,,,,,
16384,15,资产配置账本,家用汽车,vehicle,CNY,180000.0,0,,,,,
16384,15,资产配置账本,股票账户,investment,CNY,250000.0,0,,,,,
16384,15,资产配置账本,基金定投,investment,CNY,90000.0,0,,,,,
16384,15,资产配置账本,商业保险,insurance,CNY,200000.0,0,,,,,
16384,15,资产配置账本,社保账户,social_fund,CNY,60000.0,0,,,,,
16384,15,资产配置账本,黄金积存,investment,CNY,40000.0,1,,,,,已归档
16384,15,资产配置账本,车贷,loan,CNY,-95000.0,0,,,,,
16384,16,创业公司账本,公司现金,cash,CNY,8000.0,0,,,,,
16384,16,创业公司账本,对公基本户,bank_card,CNY,280000.0,0,,,,建设银行,
16384,16,创业公司账本,企业支付宝,alipay,CNY,45000.0,0,,,,,
16384,16,创业公司账本,企业微信支付,wechat,CNY,12000.0,0,,,,,
16384,16,创业公司账本,公司信用卡,credit_card,CNY,-35000.0,0,200000.0,15,3,招商银行,
16384,16,创业公司账本,创始人借款,loan,CNY,-150000.0,0,,,,,欠创始人的负债
16384,16,创业公司账本,银行经营贷,loan,CNY,-500000.0,1,,,,,已归档负债
16384,16,创业公司账本,投资款(VC),investment,CNY,1000000.0,0,,,,,
16384,16,创业公司账本,办公设备,other,CNY,60000.0,0,,,,,
16384,16,创业公司账本,备用金账户,other,CNY,30000.0,1,,,,,已归档
16384,17,家庭共用账本,家庭公用金,cash,CNY,5000.0,0,,,,,
16384,17,家庭共用账本,家庭联名卡,bank_card,CNY,80000.0,0,,,,中国银行,
16384,17,家庭共用账本,家庭支付宝,alipay,CNY,15000.0,0,,,,,
16384,17,家庭共用账本,家庭微信,wechat,CNY,6000.0,0,,,,,
16384,17,家庭共用账本,家庭信用卡,credit_card,CNY,-9000.0,0,80000.0,8,26,中信银行,
16384,17,家庭共用账本,房贷,loan,CNY,-1200000.0,0,,,,,
16384,17,家庭共用账本,子女教育金,investment,CNY,120000.0,0,,,,,
16384,17,家庭共用账本,家庭保险,insurance,CNY,88000.0,0,,,,,
16384,17,家庭共用账本,车位价值,real_estate,CNY,200000.0,1,,,,,已归档
16384,17,家庭共用账本,人情往来,other,CNY,4000.0,1,,,,,已归档
16416,13,学生生活账本,校园一卡通,other,CNY,300.0,0,,,,,
16416,13,学生生活账本,饭卡,other,CNY,500.0,0,,,,,
16416,13,学生生活账本,生活费储蓄卡,bank_card,CNY,8000.0,0,,,,农业银行,
16416,13,学生生活账本,微信零钱,wechat,CNY,1200.0,0,,,,,
16416,13,学生生活账本,学生支付宝,alipay,CNY,2400.0,0,,,,,
16416,13,学生生活账本,随身现金,cash,CNY,600.0,0,,,,,
16416,13,学生生活账本,助学贷款,loan,CNY,-32000.0,0,,,,,
16416,13,学生生活账本,奖学金储蓄,investment,CNY,5000.0,0,,,,,
16416,13,学生生活账本,实习工资卡,bank_card,CNY,15000.0,0,,,,招商银行,
16416,13,学生生活账本,旧机折现,other,CNY,800.0,1,,,,,已归档
16416,14,自由职业账本,业务收入卡,bank_card,CNY,60000.0,0,,,,民生银行,
16416,14,自由职业账本,支付宝(经营),alipay,CNY,22000.0,0,,,,,
16416,14,自由职业账本,微信收款,wechat,CNY,9000.0,0,,,,,
16416,14,自由职业账本,业务现金,cash,CNY,3000.0,0,,,,,
16416,14,自由职业账本,信用卡(报税),credit_card,CNY,-6000.0,0,30000.0,12,30,广发银行,
16416,14,自由职业账本,办公设备,other,CNY,20000.0,0,,,,,
16416,14,自由职业账本,稿费储蓄,investment,CNY,40000.0,0,,,,,
16416,14,自由职业账本,待缴税款,other,CNY,-8000.0,1,,,,,已归档待缴
16416,14,自由职业账本,社保(自由职业),social_fund,CNY,18000.0,0,,,,,
16416,14,自由职业账本,商业医疗险,insurance,CNY,12000.0,0,,,,,
16416,15,跨境海淘账本,美元现金,cash,USD,800.0,0,,,,,
16416,15,跨境海淘账本,美元信用卡,credit_card,USD,-400.0,0,8000.0,3,21,MasterCard,
16416,15,跨境海淘账本,日元现金,cash,JPY,50000.0,0,,,,,
16416,15,跨境海淘账本,英镑银行卡,bank_card,GBP,2000.0,0,,,,Barclays,
16416,15,跨境海淘账本,欧元现金,cash,EUR,1200.0,0,,,,,
16416,15,跨境海淘账本,新加坡元卡,bank_card,SGD,3000.0,0,,,,DBS,
16416,15,跨境海淘账本,澳元现金,cash,AUD,2500.0,0,,,,,
16416,15,跨境海淘账本,韩元现金,cash,KRW,300000.0,1,,,,,已归档
16416,15,跨境海淘账本,支付宝(海淘),alipay,CNY,5000.0,0,,,,,
16416,15,跨境海淘账本,海外理财,investment,USD,12000.0,0,,,,,
16416,16,房产投资账本,房产现金,cash,CNY,20000.0,0,,,,,
16416,16,房产投资账本,租金收款卡,bank_card,CNY,95000.0,0,,,,交通银行,
16416,16,房产投资账本,公寓A,real_estate,CNY,2200000.0,0,,,,,
16416,16,房产投资账本,公寓B,real_estate,CNY,1800000.0,0,,,,,
16416,16,房产投资账本,商铺,real_estate,CNY,3000000.0,0,,,,,
16416,16,房产投资账本,房贷A,loan,CNY,-1100000.0,0,,,,,
16416,16,房产投资账本,房贷B,loan,CNY,-900000.0,0,,,,,
16416,16,房产投资账本,装修储备,investment,CNY,150000.0,0,,,,,
16416,16,房产投资账本,车位,real_estate,CNY,250000.0,1,,,,,已归档
16416,16,房产投资账本,物业维修金,other,CNY,30000.0,1,,,,,已归档
16416,17,亲友共享账本,聚餐公摊金,cash,CNY,3000.0,0,,,,,
16416,17,亲友共享账本,群体联名卡,bank_card,CNY,40000.0,0,,,,平安银行,
16416,17,亲友共享账本,群支付宝,alipay,CNY,8000.0,0,,,,,
16416,17,亲友共享账本,群微信,wechat,CNY,5000.0,0,,,,,
16416,17,亲友共享账本,群体信用卡,credit_card,CNY,-4000.0,0,60000.0,18,6,光大银行,
16416,17,亲友共享账本,旅行基金,investment,CNY,60000.0,0,,,,,
16416,17,亲友共享账本,团体保险,insurance,CNY,30000.0,0,,,,,
16416,17,亲友共享账本,租赁设备,other,CNY,12000.0,0,,,,,
16416,17,亲友共享账本,押金池,other,CNY,9000.0,1,,,,,已归档
16416,17,亲友共享账本,备用金,cash,CNY,2000.0,1,,,,,已归档
